{
  "celestial_bodies": [
    {
      "id": 1,
      "name": "Sol",
      "type": "star",
      "mass_kg": 1.989e30,
      "diameter_km": 1392700,
      "temperature_k": 5778,
      "orbital_period_days": 0,
      "moons": [],
      "color": "#FFD700"
    },
    {
      "id": 2,
      "name": "Mercurio",
      "type": "planet",
      "mass_kg": 3.301e23,
      "diameter_km": 4879,
      "temperature_k": 440,
      "orbital_period_days": 88,
      "moons": [],
      "color": "#8C7853"
    },
    {
      "id": 3,
      "name": "Venus",
      "type": "planet",
      "mass_kg": 4.867e24,
      "diameter_km": 12104,
      "temperature_k": 737,
      "orbital_period_days": 225,
      "moons": [],
      "color": "#FFC649"
    },
    {
      "id": 4,
      "name": "Tierra",
      "type": "planet",
      "mass_kg": 5.972e24,
      "diameter_km": 12742,
      "temperature_k": 288,
      "orbital_period_days": 365,
      "moons": [
        {
          "name": "Luna",
          "mass_kg": 7.342e22,
          "diameter_km": 3474,
          "color": "#C0C0C0"
        }
      ],
      "color": "#1E90FF"
    },
    {
      "id": 5,
      "name": "Marte",
      "type": "planet",
      "mass_kg": 6.417e23,
      "diameter_km": 6779,
      "temperature_k": 210,
      "orbital_period_days": 687,
      "moons": [
        {
          "name": "Fobos",
          "mass_kg": 1.065e16,
          "diameter_km": 22,
          "color": "#A0522D"
        },
        {
          "name": "Deimos",
          "mass_kg": 1.476e15,
          "diameter_km": 12,
          "color": "#8B4513"
        }
      ],
      "color": "#FF4500"
    },
    {
      "id": 6,
      "name": "Júpiter",
      "type": "planet",
      "mass_kg": 1.898e27,
      "diameter_km": 139820,
      "temperature_k": 165,
      "orbital_period_days": 4333,
      "moons": [
        {
          "name": "Ío",
          "mass_kg": 8.931e22,
          "diameter_km": 3643,
          "color": "#FFA500"
        },
        {
          "name": "Europa",
          "mass_kg": 4.799e22,
          "diameter_km": 3121,
          "color": "#FFFFFF"
        }
      ],
      "color": "#DAA520"
    },
    {
      "id": 7,
      "name": "Saturno",
      "type": "planet",
      "mass_kg": 5.683e26,
      "diameter_km": 116460,
      "temperature_k": 134,
      "orbital_period_days": 10759,
      "moons": [
        {
          "name": "Titán",
          "mass_kg": 1.345e23,
          "diameter_km": 5149,
          "color": "#FFE4B5"
        }
      ],
      "color": "#F0E68C"
    },
    {
      "id": 8,
      "name": "Urano",
      "type": "planet",
      "mass_kg": 8.681e25,
      "diameter_km": 50724,
      "temperature_k": 76,
      "orbital_period_days": 30687,
      "moons": [
        {
          "name": "Titania",
          "mass_kg": 3.4e21,
          "diameter_km": 1577,
          "color": "#87CEEB"
        }
      ],
      "color": "#AFEEEE"
    },
    {
      "id": 9,
      "name": "Neptuno",
      "type": "planet",
      "mass_kg": 1.024e26,
      "diameter_km": 49244,
      "temperature_k": 72,
      "orbital_period_days": 60190,
      "moons": [
        {
          "name": "Tritón",
          "mass_kg": 2.14e22,
          "diameter_km": 2706,
          "color": "#ADD8E6"
        }
      ],
      "color": "#4169E1"
    }
  ]
}
