{
  "registros": [
    {
      "id": 2,
      "fecha": "2024-01-02",
      "calorias": 2200,
      "peso": 70.2,
      "edad": 25,
      "altura": 170,
      "actividad": "moderada"
    },
    {
      "id": 3,
      "fecha": "2024-01-03",
      "calorias": 2500,
      "peso": 70.5,
      "edad": 25,
      "altura": 170,
      "actividad": "alta"
    },
    {
      "id": 4,
      "fecha": "2024-01-04",
      "calorias": 1800,
      "peso": 70.3,
      "edad": 25,
      "altura": 170,
      "actividad": "baja"
    },
    {
      "id": 5,
      "fecha": "2024-01-05",
      "calorias": 3000,
      "peso": 70.8,
      "edad": 25,
      "altura": 170,
      "actividad": "alta"
    },
    {
      "id": 6,
      "fecha": "2024-01-06",
      "calorias": 1900,
      "peso": 70.6,
      "edad": 25,
      "altura": 170,
      "actividad": "baja"
    },
    {
      "id": 7,
      "fecha": "2024-01-07",
      "calorias": 2300,
      "peso": 70.7,
      "edad": 25,
      "altura": 170,
      "actividad": "moderada"
    },
    {
      "id": 8,
      "fecha": "2024-01-08",
      "calorias": 2700,
      "peso": 71.0,
      "edad": 25,
      "altura": 170,
      "actividad": "alta"
    },
    {
      "id": 9,
      "fecha": "2024-01-09",
      "calorias": 2100,
      "peso": 70.9,
      "edad": 25,
      "altura": 170,
      "actividad": "moderada"
    },
    {
      "id": 10,
      "fecha": "2024-01-10",
      "calorias": 2400,
      "peso": 71.1,
      "edad": 25,
      "altura": 170,
      "actividad": "moderada"
    },
    {
      "id": 11,
      "fecha": "2024-01-11",
      "calorias": 2600,
      "peso": 71.3,
      "edad": 25,
      "altura": 170,
      "actividad": "alta"
    },
    {
      "id": 12,
      "fecha": "2024-01-12",
      "calorias": 1950,
      "peso": 71.1,
      "edad": 25,
      "altura": 170,
      "actividad": "baja"
    },
    {
      "id": 13,
      "fecha": "2024-01-13",
      "calorias": 2250,
      "peso": 71.2,
      "edad": 25,
      "altura": 170,
      "actividad": "moderada"
    },
    {
      "id": 14,
      "fecha": "2024-01-14",
      "calorias": 2800,
      "peso": 71.5,
      "edad": 25,
      "altura": 170,
      "actividad": "alta"
    },
    {
      "id": 15,
      "fecha": "2024-01-15",
      "calorias": 2050,
      "peso": 71.3,
      "edad": 25,
      "altura": 170,
      "actividad": "moderada"
    },
    {
      "id": 16,
      "fecha": "2024-01-16",
      "calorias": 2900,
      "peso": 71.7,
      "edad": 25,
      "altura": 170,
      "actividad": "alta"
    },
    {
      "id": 17,
      "fecha": "2024-01-17",
      "calorias": 1850,
      "peso": 71.5,
      "edad": 25,
      "altura": 170,
      "actividad": "baja"
    },
    {
      "id": 18,
      "fecha": "2024-01-18",
      "calorias": 2150,
      "peso": 71.4,
      "edad": 25,
      "altura": 170,
      "actividad": "moderada"
    },
    {
      "id": 19,
      "fecha": "2024-01-19",
      "calorias": 2450,
      "peso": 71.6,
      "edad": 25,
      "altura": 170,
      "actividad": "moderada"
    },
    {
      "id": 20,
      "fecha": "2024-01-20",
      "calorias": 2650,
      "peso": 71.8,
      "edad": 25,
      "altura": 170,
      "actividad": "alta"
    },
    {
      "id": 21,
      "fecha": "2024-01-21",
      "calorias": 1750,
      "peso": 71.6,
      "edad": 25,
      "altura": 170,
      "actividad": "baja"
    },
    {
      "id": 22,
      "fecha": "2024-01-22",
      "calorias": 2350,
      "peso": 71.7,
      "edad": 25,
      "altura": 170,
      "actividad": "moderada"
    },
    {
      "id": 23,
      "fecha": "2024-01-23",
      "calorias": 2550,
      "peso": 71.9,
      "edad": 25,
      "altura": 170,
      "actividad": "alta"
    },
    {
      "id": 24,
      "fecha": "2024-01-24",
      "calorias": 1950,
      "peso": 71.7,
      "edad": 25,
      "altura": 170,
      "actividad": "baja"
    },
    {
      "id": 25,
      "fecha": "2024-01-25",
      "calorias": 2250,
      "peso": 71.8,
      "edad": 25,
      "altura": 170,
      "actividad": "moderada"
    },
    {
      "id": 26,
      "fecha": "2024-01-26",
      "calorias": 2750,
      "peso": 72.1,
      "edad": 25,
      "altura": 170,
      "actividad": "alta"
    },
    {
      "id": 27,
      "fecha": "2024-01-27",
      "calorias": 2050,
      "peso": 71.9,
      "edad": 25,
      "altura": 170,
      "actividad": "moderada"
    },
    {
      "id": 28,
      "fecha": "2024-01-28",
      "calorias": 2850,
      "peso": 72.3,
      "edad": 25,
      "altura": 170,
      "actividad": "alta"
    },
    {
      "id": 29,
      "fecha": "2024-01-29",
      "calorias": 1850,
      "peso": 72.1,
      "edad": 25,
      "altura": 170,
      "actividad": "baja"
    },
    {
      "id": 30,
      "fecha": "2024-01-30",
      "calorias": 2150,
      "peso": 72.0,
      "edad": 25,
      "altura": 170,
      "actividad": "moderada"
    },
    {
      "id": 31,
      "fecha": "2024-02-01",
      "calorias": 3200,
      "peso": 72.5,
      "edad": 30,
      "altura": 175,
      "actividad": "alta"
    },
    {
      "id": 32,
      "fecha": "2024-02-02",
      "calorias": 1800,
      "peso": 72.3,
      "edad": 30,
      "altura": 175,
      "actividad": "baja"
    },
    {
      "id": 33,
      "fecha": "2024-02-03",
      "calorias": 2400,
      "peso": 72.4,
      "edad": 30,
      "altura": 175,
      "actividad": "moderada"
    },
    {
      "id": 34,
      "fecha": "2024-02-04",
      "calorias": 2900,
      "peso": 72.7,
      "edad": 30,
      "altura": 175,
      "actividad": "alta"
    },
    {
      "id": 35,
      "fecha": "2024-02-05",
      "calorias": 2000,
      "peso": 72.5,
      "edad": 30,
      "altura": 175,
      "actividad": "moderada"
    },
    {
      "id": 36,
      "fecha": "2024-02-06",
      "calorias": 3100,
      "peso": 72.9,
      "edad": 30,
      "altura": 175,
      "actividad": "alta"
    },
    {
      "id": 37,
      "fecha": "2024-02-07",
      "calorias": 1700,
      "peso": 72.7,
      "edad": 30,
      "altura": 175,
      "actividad": "baja"
    },
    {
      "id": 38,
      "fecha": "2024-02-08",
      "calorias": 2200,
      "peso": 72.6,
      "edad": 30,
      "altura": 175,
      "actividad": "moderada"
    },
    {
      "id": 39,
      "fecha": "2024-02-09",
      "calorias": 2600,
      "peso": 72.8,
      "edad": 30,
      "altura": 175,
      "actividad": "moderada"
    },
    {
      "id": 40,
      "fecha": "2024-02-10",
      "calorias": 2800,
      "peso": 73.0,
      "edad": 30,
      "altura": 175,
      "actividad": "alta"
    },
    {
      "id": 41,
      "fecha": "2024-02-11",
      "calorias": 1900,
      "peso": 72.8,
      "edad": 30,
      "altura": 175,
      "actividad": "baja"
    },
    {
      "id": 42,
      "fecha": "2024-02-12",
      "calorias": 2300,
      "peso": 72.9,
      "edad": 30,
      "altura": 175,
      "actividad": "moderada"
    },
    {
      "id": 43,
      "fecha": "2024-02-13",
      "calorias": 2700,
      "peso": 73.1,
      "edad": 30,
      "altura": 175,
      "actividad": "alta"
    },
    {
      "id": 44,
      "fecha": "2024-02-14",
      "calorias": 1950,
      "peso": 72.9,
      "edad": 30,
      "altura": 175,
      "actividad": "baja"
    },
    {
      "id": 45,
      "fecha": "2024-02-15",
      "calorias": 2250,
      "peso": 73.0,
      "edad": 30,
      "altura": 175,
      "actividad": "moderada"
    },
    {
      "id": 46,
      "fecha": "2024-02-16",
      "calorias": 2950,
      "peso": 73.3,
      "edad": 30,
      "altura": 175,
      "actividad": "alta"
    },
    {
      "id": 47,
      "fecha": "2024-02-17",
      "calorias": 2050,
      "peso": 73.1,
      "edad": 30,
      "altura": 175,
      "actividad": "moderada"
    },
    {
      "id": 48,
      "fecha": "2024-02-18",
      "calorias": 3050,
      "peso": 73.5,
      "edad": 30,
      "altura": 175,
      "actividad": "alta"
    },
    {
      "id": 49,
      "fecha": "2024-02-19",
      "calorias": 1850,
      "peso": 73.3,
      "edad": 30,
      "altura": 175,
      "actividad": "baja"
    },
    {
      "id": 50,
      "fecha": "2024-02-20",
      "calorias": 2150,
      "peso": 73.2,
      "edad": 30,
      "altura": 175,
      "actividad": "moderada"
    },
    {
      "fecha": "2025-11-20",
      "calorias": "6000",
      "peso": "55",
      "edad": "32",
      "altura": "150",
      "actividad": "baja",
      "id": 51
    },
    {
      "fecha": "2025-11-20",
      "calorias": "6000",
      "peso": "55",
      "edad": "32",
      "altura": "150",
      "actividad": "baja",
      "id": 52
    },
    {
      "fecha": "2025-11-20",
      "calorias": 2000,
      "peso": 70,
      "edad": 25,
      "altura": 170,
      "actividad": "moderada",
      "id": 53
    },
    {
      "fecha": "2025-11-20",
      "calorias": 2000,
      "peso": 70,
      "edad": 25,
      "altura": 170,
      "actividad": "moderada",
      "id": 54
    },
    {
      "fecha": "2025-11-20",
      "calorias": 2000,
      "peso": 70,
      "edad": 25,
      "altura": 170,
      "actividad": "moderada",
      "id": 55
    },
    {
      "fecha": "2025-11-20",
      "calorias": 2000,
      "peso": 70,
      "edad": 25,
      "altura": 170,
      "actividad": "moderada",
      "id": 56
    },
    {
      "fecha": "2025-11-20",
      "calorias": 2000,
      "peso": 70,
      "edad": 25,
      "altura": 170,
      "actividad": "moderada",
      "id": 57
    },
    {
      "fecha": "2025-11-20",
      "calorias": 2000,
      "peso": 70,
      "edad": 25,
      "altura": 170,
      "actividad": "moderada",
      "id": 58
    },
    {
      "fecha": "2025-11-20",
      "calorias": 2000,
      "peso": 70,
      "edad": 25,
      "altura": 170,
      "actividad": "moderada",
      "id": 59
    },
    {
      "fecha": "2025-11-20",
      "calorias": 2000,
      "peso": 70,
      "edad": 25,
      "altura": 170,
      "actividad": "moderada",
      "id": 60
    },
    {
      "fecha": "2025-11-20",
      "calorias": 2000,
      "peso": 70,
      "edad": 25,
      "altura": 170,
      "actividad": "moderada",
      "id": 61
    },
    {
      "fecha": "2025-11-20",
      "calorias": 2000,
      "peso": 70,
      "edad": 25,
      "altura": 170,
      "actividad": "moderada",
      "id": 62
    },
    {
      "fecha": "2025-11-20",
      "calorias": 2000,
      "peso": 70,
      "edad": 25,
      "altura": 170,
      "actividad": "moderada",
      "id": 63
    },
    {
      "fecha": "2025-11-20",
      "calorias": 2000,
      "peso": 70,
      "edad": 25,
      "altura": 170,
      "actividad": "moderada",
      "id": 64
    }
  ]
}